,Quantidade,Status do participante,Cidade de residência,Estado de residência,País de residência,Como você se define?,"Se outro, qual?",Como você se identifica?,"Se outro, qual?.1","Faz parte da população T (pessoa transgênera, travesti)? ",Orientação sexual:,"Se outro, qual?.2",Pessoa com necessidades específicas?,"Se sim, qual?",A Comissão de Organização Python Brasil 2020 se reserva ao direito de CANCELAR TODAS as inscrições de pessoas que se inscreverem em mais de um tutorial.,Você já se inscreveu para a Python Brasil 2020? (http://bit.ly/inscricaoPyBR2020),"Se você ainda não se inscreveu, corre lá! Os tutoriais são para participantes da Python Brasil 2020, e permitiremos apenas pessoas inscritas no evento participando dos tutoriais. Você está ciente que se não estiver cadastrado no evento, perderá sua vaga?","A Python Brasil possui um Código de Conduta (https://python.org.br/cdc) para assegurar que todas as pessoas se sintam confortáveis e seguras em seus ambientes. Para participar do evento, é necessário que você esteja ciente e respeite essas orientações. "
0,1,Participando,,,,Uma pessoa branca,,Mulher,,Não,Bisexual,,Não,,Declaro ciência desta regra.,Sim,,Sim
1,1,Participando,,,,Uma pessoa branca,,Homem,,Não,Hétero,,Não,,Declaro ciência desta regra.,Sim,,Sim
2,1,Participando,,,,Uma pessoa branca,,Homem,,Não,Hétero,,Não,,Declaro ciência desta regra.,Sim,,Sim
3,1,Participando,,,,Uma pessoa branca,,Homem,,Não,Hétero,,Não,,Declaro ciência desta regra.,Sim,,Sim
4,1,Participando,,,,Uma pessoa branca,,Homem,,Não,Hétero,,Não,,Declaro ciência desta regra.,Sim,,Sim
5,1,Participando,,,,Uma pessoa branca,,Mulher,,Não,Hétero,,Não,,Declaro ciência desta regra.,Sim,,Sim
6,1,Participando,,,,Uma pessoa parda,,Homem,,Não,Hétero,,Não,,Declaro ciência desta regra.,Sim,,Sim
7,1,Participando,,,,Uma pessoa branca,,Mulher,,Não,Lésbica,,Não,,Declaro ciência desta regra.,Sim,,Sim
8,1,Participando,,,,Uma pessoa branca,,Mulher,,Não,Hétero,,Não,,Declaro ciência desta regra.,Sim,,Sim
9,1,Participando,,,,Uma pessoa branca,,Mulher,,Não,Prefiro não responder,,Não,,Declaro ciência desta regra.,Sim,,Sim
10,1,Participando,,,,Uma pessoa branca,,Homem,,Não,Gay,,Não,,Declaro ciência desta regra.,Sim,,Sim
11,1,Participando,,,,Uma pessoa negra,,Homem,,Não,Hétero,,Não,,Declaro ciência desta regra.,Sim,,Sim
12,1,Participando,,,,Uma pessoa branca,,Homem,,Não,Hétero,,Não,,Declaro ciência desta regra.,Sim,,Sim
13,1,Participando,,,,Uma pessoa parda,,Mulher,,Não,Bisexual,,Não,,Declaro ciência desta regra.,Sim,,Sim
14,1,Participando,,,,Uma pessoa parda,,Mulher,,Não,Hétero,,Não,,Declaro ciência desta regra.,Sim,,Sim
15,1,Participando,,,,Uma pessoa branca,,Homem,,Não,Hétero,,Não,,Declaro ciência desta regra.,Sim,,Sim
16,1,Participando,,,,Uma pessoa branca,,Mulher,,Não,Hétero,,Não,,Declaro ciência desta regra.,Sim,,Sim
17,1,Participando,,,,Uma pessoa branca,,Homem,,Não,Bisexual,,Não,,Declaro ciência desta regra.,Sim,,Sim
18,1,Participando,,,,Uma pessoa parda,,Homem,,Não,Hétero,,Não,,Declaro ciência desta regra.,Sim,,Sim
19,1,Participando,,,,Uma pessoa branca,,Mulher,,Não,Hétero,,Não,,Declaro ciência desta regra.,Sim,,Sim
20,1,Participando,,,,Uma pessoa branca,,Homem,,Não,Hétero,,Não,,Declaro ciência desta regra.,Sim,,Sim
21,1,Participando,,,,Uma pessoa branca,,Homem,,Não,Hétero,,Não,,Declaro ciência desta regra.,Sim,,Sim
22,1,Participando,,,,Uma pessoa negra,,Homem,,Não,Hétero,,Não,,Declaro ciência desta regra.,Sim,,Sim
23,1,Participando,,,,Uma pessoa parda,,Homem,,Não,Hétero,,Não,,Declaro ciência desta regra.,Sim,,Sim
24,1,Participando,,,,Uma pessoa parda,,Homem,,Não,Hétero,,Não,,Declaro ciência desta regra.,Sim,,Sim
25,1,Participando,,,,Uma pessoa branca,,Homem,,Não,Hétero,,Não,,Declaro ciência desta regra.,Sim,,Sim
26,1,Participando,,,,Uma pessoa branca,,Homem,,Não,Hétero,,Não,,Declaro ciência desta regra.,Sim,,Sim
27,1,Participando,,,,Uma pessoa parda,,Mulher,,Não,Pansexual,,Não,,Declaro ciência desta regra.,Sim,,Sim
28,1,Participando,,,,Uma pessoa branca,,Homem,,Não,Hétero,,Não,,Declaro ciência desta regra.,Sim,,Sim
29,1,Participando,,,,Uma pessoa branca,,Homem,,Não,Gay,,Não,,Declaro ciência desta regra.,Sim,,Sim
30,1,Participando,,,,Uma pessoa branca,,Mulher,,Não,Bisexual,,Não,,Declaro ciência desta regra.,Sim,,Sim
31,1,Participando,,,,Uma pessoa parda,,Mulher,,Não,Hétero,,Não,,Declaro ciência desta regra.,Sim,,Sim
32,1,Participando,,,,Uma pessoa parda,,Homem,,Não,Hétero,,Não,,Declaro ciência desta regra.,Sim,,Sim
33,1,Participando,,,,Uma pessoa negra,,Mulher,,Não,Bisexual,,Não,,Declaro ciência desta regra.,Sim,,Sim
34,1,Participando,,,,Uma pessoa parda,,Homem,,Não,Hétero,,Não,,Declaro ciência desta regra.,Sim,,Sim
35,1,Participando,,,,Uma pessoa branca,,Mulher,,Não,Lésbica,,Não,,Declaro ciência desta regra.,Sim,,Sim
36,1,Participando,,,,Uma pessoa branca,,Homem,,Não,Hétero,,Não,,Declaro ciência desta regra.,Sim,,Sim
37,1,Participando,,,,Uma pessoa parda,,Mulher,,Não,Lésbica,,Não,,Declaro ciência desta regra.,Sim,,Sim
38,1,Participando,,,,Uma pessoa branca,,Homem,,Não,Gay,,Não,,Declaro ciência desta regra.,Não,Sim,Sim
39,1,Participando,,,,Uma pessoa parda,,Homem,,Não,Hétero,,Não,,Declaro ciência desta regra.,Sim,,Sim
40,1,Participando,,,,Uma pessoa branca,,Homem,,Não,Hétero,,Não,,Declaro ciência desta regra.,Sim,,Sim
41,1,Participando,,,,Uma pessoa branca,,Homem,,Não,Hétero,,Não,,Declaro ciência desta regra.,Sim,,Sim
42,1,Participando,,,,Uma pessoa parda,,Mulher,,Não,Lésbica,,Não,,Declaro ciência desta regra.,Sim,,Sim
43,1,Participando,,,,Uma pessoa branca,,Homem,,Não,Hétero,,Não,,Declaro ciência desta regra.,Sim,,Sim
44,1,Participando,,,,Uma pessoa branca,,Homem,,Não,Hétero,,Não,,Declaro ciência desta regra.,Sim,,Sim
45,1,Participando,,,,Uma pessoa branca,,Mulher,,Não,Hétero,,Não,,Declaro ciência desta regra.,Sim,,Sim
46,1,Participando,,,,Uma pessoa branca,,Mulher,,Não,Prefiro não responder,,Não,,Declaro ciência desta regra.,Sim,,Sim
47,1,Participando,,,,Uma pessoa branca,,Mulher,,Não,Hétero,,Não,,Declaro ciência desta regra.,Sim,,Sim
48,1,Participando,,,,Uma pessoa parda,,Mulher,,Não,Hétero,,Não,,Declaro ciência desta regra.,Sim,,Sim
49,1,Participando,,,,Uma pessoa branca,,Mulher,,Não,Hétero,,Não,,Declaro ciência desta regra.,Sim,,Sim
50,1,Participando,,,,Uma pessoa branca,,Mulher,,Não,Hétero,,Não,,Declaro ciência desta regra.,Sim,,Sim
51,1,Participando,,,,Uma pessoa branca,,Homem,,Não,Hétero,,Não,,Declaro ciência desta regra.,Sim,,Sim
52,1,Participando,,,,Uma pessoa branca,,Homem,,Não,Gay,,Não,,Declaro ciência desta regra.,Sim,,Sim
53,1,Participando,,,,Uma pessoa branca,,Mulher,,Não,Hétero,,Não,,Declaro ciência desta regra.,Sim,,Sim
54,1,Participando,,,,Uma pessoa branca,,Mulher,,Não,Hétero,,Não,,Declaro ciência desta regra.,Sim,,Sim
55,1,Participando,,,,Uma pessoa parda,,Mulher,,Não,Hétero,,Não,,Declaro ciência desta regra.,Sim,,Sim
56,1,Participando,,,,Uma pessoa branca,,Mulher,,Não,Lésbica,,Não,,Declaro ciência desta regra.,Sim,,Sim
57,1,Participando,,,,Uma pessoa branca,,Mulher,,Não,Bisexual,,Não,,Declaro ciência desta regra.,Sim,,Sim
58,1,Participando,,,,Uma pessoa parda,,Mulher,,Não,Hétero,,Não,,Declaro ciência desta regra.,Sim,,Sim
59,1,Participando,,,,Uma pessoa branca,,Homem,,Não,Prefiro não responder,,Não,,Declaro ciência desta regra.,Sim,,Sim
60,1,Participando,,,,Uma pessoa branca,,Homem,,Não,Hétero,,Não,,Declaro ciência desta regra.,Sim,,Sim
61,1,Participando,,,,Uma pessoa branca,,Homem,,Não,Hétero,,Não,,Declaro ciência desta regra.,Sim,,Sim
62,1,Participando,,,,Uma pessoa branca,,Homem,,Não,Hétero,,Não,,Declaro ciência desta regra.,Sim,,Sim
63,1,Participando,,,,Uma pessoa branca,,Mulher,,Não,Hétero,,Não,,Declaro ciência desta regra.,Sim,,Sim
64,1,Participando,,,,Uma pessoa negra,,Homem,,Não,Hétero,,Não,,Declaro ciência desta regra.,Sim,,Sim
65,1,Participando,,,,Uma pessoa parda,,Homem,,Não,Hétero,,Não,,Declaro ciência desta regra.,Sim,,Sim
66,1,Participando,,,,Uma pessoa branca,,Homem,,Não,Hétero,,Não,,Declaro ciência desta regra.,Sim,,Sim
67,1,Participando,,,,Uma pessoa branca,,Homem,,Não,Hétero,,Não,,Declaro ciência desta regra.,Sim,,Sim
68,1,Participando,,,,Uma pessoa branca,,Homem,,Não,Gay,,Não,,Declaro ciência desta regra.,Sim,,Sim
69,1,Participando,,,,Uma pessoa branca,,Mulher,,Não,Hétero,,Não,,Declaro ciência desta regra.,Sim,,Sim
70,1,Participando,,,,Uma pessoa branca,,Mulher,,Não,Hétero,,Não,,Declaro ciência desta regra.,Sim,,Sim
71,1,Participando,,,,Uma pessoa branca,,Homem,,Não,Hétero,,Não,,Declaro ciência desta regra.,Sim,,Sim
72,1,Participando,,,,Uma pessoa branca,,Homem,,Não,Bisexual,,Não,,Declaro ciência desta regra.,Sim,,Sim
73,1,Participando,,,,Uma pessoa branca,,Mulher,,Não,Hétero,,Não,,Declaro ciência desta regra.,Sim,,Sim
74,1,Participando,,,,Uma pessoa negra,,Mulher,,Não,Hétero,,Não,,Declaro ciência desta regra.,Sim,,Sim
75,1,Participando,,,,Uma pessoa negra,,Homem,,Não,Hétero,,Não,,Declaro ciência desta regra.,Sim,,Sim
76,1,Participando,,,,Uma pessoa branca,,Homem,,Não,Hétero,,Não,,Declaro ciência desta regra.,Sim,,Sim
77,1,Participando,,,,Uma pessoa negra,,Homem,,Não,Hétero,,Não,,Declaro ciência desta regra.,Sim,,Sim
78,1,Participando,,,,Uma pessoa branca,,Mulher,,Não,Hétero,,Não,,Declaro ciência desta regra.,Sim,,Sim
79,1,Participando,,,,Uma pessoa branca,,Mulher,,Não,Hétero,,Não,,Declaro ciência desta regra.,Sim,,Sim
80,1,Participando,,,,Uma pessoa parda,,Homem,,Não,Hétero,,Não,,Declaro ciência desta regra.,Sim,,Sim
81,1,Participando,,,,Uma pessoa branca,,Homem,,Não,Hétero,,Não,,Declaro ciência desta regra.,Sim,,Sim
82,1,Participando,,,,Prefiro não responder,,Prefiro não responder,,Não,Bisexual,,Não,,Declaro ciência desta regra.,Não,Sim,Sim
83,1,Participando,,,,Uma pessoa parda,,Homem,,Não,Hétero,,Não,,Declaro ciência desta regra.,Sim,,Sim
84,1,Participando,,,,Uma pessoa parda,,Homem,,Não,Hétero,,Não,,Declaro ciência desta regra.,Sim,,Sim
85,1,Participando,,,,Uma pessoa parda,,Homem,,Não,Hétero,,Não,,Declaro ciência desta regra.,Sim,,Sim
86,1,Participando,,,,Uma pessoa branca,,Mulher,,Não,Hétero,,Não,,Declaro ciência desta regra.,Sim,,Sim
87,1,Participando,,,,Uma pessoa branca,,Homem,,Não,Gay,,Não,,Declaro ciência desta regra.,Sim,,Sim
88,1,Participando,,,,Uma pessoa branca,,Homem,,Não,Hétero,,Não,,Declaro ciência desta regra.,Sim,,Sim
89,1,Participando,,,,Uma pessoa negra,,Mulher,,Não,Prefiro não responder,,Não,,Declaro ciência desta regra.,Não,Sim,Sim
90,1,Participando,,,,Uma pessoa amarela,,Mulher,,Não,Hétero,,Não,,Declaro ciência desta regra.,Sim,,Sim
91,1,Participando,,,,Uma pessoa branca,,Mulher,,Não,Bisexual,,Não,,Declaro ciência desta regra.,Não,Sim,Sim
92,1,Participando,,,,Uma pessoa branca,,Homem,,Não,Hétero,,Não,,Declaro ciência desta regra.,Sim,,Sim
93,1,Não participando,,,,Uma pessoa parda,,Homem,,Não,Hétero,,Não,,Declaro ciência desta regra.,Sim,,Sim
94,1,Participando,,,,Uma pessoa branca,,Mulher,,Não,Lésbica,,Não,,Declaro ciência desta regra.,Sim,,Sim
95,1,Participando,,,,Uma pessoa parda,,Homem,,Não,Hétero,,Não,,Declaro ciência desta regra.,Sim,,Sim
96,1,Participando,,,,Uma pessoa branca,,Mulher,,Não,Hétero,,Não,,Declaro ciência desta regra.,Sim,,Sim
97,1,Participando,,,,Uma pessoa branca,,Homem,,Não,Hétero,,Não,,Declaro ciência desta regra.,Sim,,Sim
98,1,Participando,,,,Uma pessoa branca,,Mulher,,Não,Hétero,,Não,,Declaro ciência desta regra.,Sim,,Sim
99,1,Participando,,,,Uma pessoa branca,,Homem,,Não,Gay,,Não,,Declaro ciência desta regra.,Sim,,Sim
100,1,Participando,,,,Uma pessoa parda,,Mulher,,Não,Hétero,,Não,,Declaro ciência desta regra.,Sim,,Sim
101,1,Participando,,,,Uma pessoa branca,,Mulher,,Não,Hétero,,Sim,Física,Declaro ciência desta regra.,Sim,,Sim
102,1,Participando,,,,Uma pessoa parda,,Mulher,,Não,Hétero,,Não,,Declaro ciência desta regra.,Sim,,Sim
103,1,Participando,,,,Uma pessoa branca,,Homem,,Não,Hétero,,Não,,Declaro ciência desta regra.,Não,Sim,Sim
104,1,Participando,,,,Uma pessoa parda,,Mulher,,Não,Bisexual,,Não,,Declaro ciência desta regra.,Sim,,Sim
105,1,Não participando,,,,Uma pessoa branca,,Mulher,,Sim,Lésbica,,Não,,Declaro ciência desta regra.,Sim,,Sim
106,1,Não participando,,,,Uma pessoa branca,,Mulher,,Sim,Lésbica,,Não,,Declaro ciência desta regra.,Sim,,Sim
107,1,Participando,,,,Uma pessoa branca,,Homem,,Não,Hétero,,Não,,Declaro ciência desta regra.,Sim,,Sim
108,1,Participando,,,,Uma pessoa branca,,Homem,,Não,Hétero,,Não,,Declaro ciência desta regra.,Sim,,Sim
109,1,Participando,,,,Uma pessoa negra,,Homem,,Não,Hétero,,Não,,Declaro ciência desta regra.,Sim,,Sim
110,1,Não participando,,,,Uma pessoa parda,,Mulher,,Não,Bisexual,,Não,,Declaro ciência desta regra.,Sim,,Sim
111,1,Não participando,,,,Uma pessoa parda,,Mulher,,Não,Bisexual,,Não,,Declaro ciência desta regra.,Sim,,Sim
112,1,Participando,,,,Uma pessoa branca,,Homem,,Não,Hétero,,Não,,Declaro ciência desta regra.,Sim,,Sim
113,1,Participando,,,,Uma pessoa branca,,Homem,,Não,Gay,,Não,,Declaro ciência desta regra.,Não,Sim,Sim
114,1,Participando,,,,Uma pessoa branca,,Mulher,,Não,Hétero,,Não,,Declaro ciência desta regra.,Sim,,Sim
115,1,Participando,,,,Uma pessoa parda,,Mulher,,Não,Bisexual,,Não,,Declaro ciência desta regra.,Sim,,Sim
116,1,Participando,,,,Uma pessoa branca,,Homem,,Não,Hétero,,Não,,Declaro ciência desta regra.,Sim,,Sim
117,1,Participando,,,,Uma pessoa branca,,Mulher,,Não,Hétero,,Não,,Declaro ciência desta regra.,Sim,,Sim
118,1,Participando,,,,Uma pessoa parda,,Mulher,,Não,Bisexual,,Não,,Declaro ciência desta regra.,Sim,,Sim
119,1,Participando,,,,Uma pessoa branca,,Mulher,,Sim,Bisexual,,Não,,Declaro ciência desta regra.,Sim,,Sim
120,1,Participando,,,,Uma pessoa amarela,,Homem,,Não,Hétero,,Não,,Declaro ciência desta regra.,Sim,,Sim
121,1,Participando,,,,Prefiro não responder,,Homem,,Não,Hétero,,Não,,Declaro ciência desta regra.,Sim,,Sim
122,1,Participando,,,,Uma pessoa branca,,Homem,,Não,Hétero,,Não,,Declaro ciência desta regra.,Sim,,Sim
123,1,Participando,,,,Uma pessoa parda,,Homem,,Não,Hétero,,Não,,Declaro ciência desta regra.,Sim,,Sim
124,1,Participando,,,,Prefiro não responder,,Prefiro não responder,,Prefiro não responder,Prefiro não responder,,Prefiro não responder,,Declaro ciência desta regra.,Sim,,Sim
125,1,Participando,,,,Uma pessoa branca,,Mulher,,Não,Hétero,,Não,,Declaro ciência desta regra.,Sim,,Sim
126,1,Participando,,,,Uma pessoa branca,,Homem,,Não,Hétero,,Não,,Declaro ciência desta regra.,Sim,,Sim
127,1,Participando,,,,Uma pessoa parda,,Mulher,,Não,Bisexual,,Não,,Declaro ciência desta regra.,Sim,,Sim
128,1,Participando,,,,Uma pessoa parda,,Homem,,Não,Hétero,,Não,,Declaro ciência desta regra.,Sim,,Sim
129,1,Participando,,,,Uma pessoa branca,,Homem,,Não,Hétero,,Não,,Declaro ciência desta regra.,Sim,,Sim
130,1,Participando,,,,Uma pessoa amarela,,Homem,,Não,Hétero,,Não,,Declaro ciência desta regra.,Sim,,Sim
131,1,Participando,,,,Uma pessoa branca,,Homem,,Não,Hétero,,Não,,Declaro ciência desta regra.,Sim,,Sim
132,1,Participando,,,,Uma pessoa branca,,Mulher,,Não,Bisexual,,Não,,Declaro ciência desta regra.,Sim,,Sim
133,1,Participando,,,,Uma pessoa parda,,Mulher,,Não,Hétero,,Não,,Declaro ciência desta regra.,Sim,,Sim
134,1,Participando,,,,Uma pessoa branca,,Mulher,,Não,Hétero,,Não,,Declaro ciência desta regra.,Sim,,Sim
135,1,Participando,,,,Uma pessoa parda,,Homem,,Não,Hétero,,Não,,Declaro ciência desta regra.,Sim,,Sim
136,1,Participando,,,,Uma pessoa branca,,Homem,,Não,Hétero,,Não,,Declaro ciência desta regra.,Sim,,Sim
137,1,Participando,,,,Uma pessoa negra,,Mulher,,Não,Hétero,,Não,,Declaro ciência desta regra.,Sim,,Sim
138,1,Participando,,,,Uma pessoa parda,,Homem,,Não,Hétero,,Não,,Declaro ciência desta regra.,Sim,,Sim
139,1,Participando,,,,Uma pessoa branca,,Homem,,Não,Hétero,,Não,,Declaro ciência desta regra.,Sim,,Sim
140,1,Participando,,,,Uma pessoa branca,,Mulher,,Não,Lésbica,,Não,,Declaro ciência desta regra.,Sim,,Sim
141,1,Participando,,,,Uma pessoa branca,,Mulher,,Não,Hétero,,Não,,Declaro ciência desta regra.,Sim,,Sim
142,1,Não participando,,,,Uma pessoa parda,,Mulher,,Não,Lésbica,,Não,,Declaro ciência desta regra.,Sim,,Sim
143,1,Não participando,,,,Uma pessoa parda,,Mulher,,Não,Lésbica,,Não,,Declaro ciência desta regra.,Sim,,Sim
144,1,Participando,,,,Uma pessoa branca,,Homem,,Não,Hétero,,Não,,Declaro ciência desta regra.,Sim,,Sim
145,1,Participando,,,,Uma pessoa amarela,,Homem,,Não,Hétero,,Não,,Declaro ciência desta regra.,Sim,,Sim
146,1,Participando,,,,Uma pessoa branca,,Homem,,Não,Hétero,,Não,,Declaro ciência desta regra.,Sim,,Sim
147,1,Participando,,,,Uma pessoa branca,,Mulher,,Não,Lésbica,,Não,,Declaro ciência desta regra.,Não,Sim,Sim
148,1,Participando,,,,Uma pessoa branca,,Mulher,,Não,Prefiro não responder,,Não,,Declaro ciência desta regra.,Sim,,Sim
149,1,Participando,,,,Uma pessoa branca,,Homem,,Não,Hétero,,Não,,Declaro ciência desta regra.,Sim,,Sim
150,1,Participando,,,,Prefiro não responder,,Mulher,,Não,Bisexual,,Não,,Declaro ciência desta regra.,Sim,,Sim
151,1,Participando,,,,Uma pessoa parda,,Mulher,,Não,Hétero,,Não,,Declaro ciência desta regra.,Sim,,Sim
152,1,Participando,,,,Uma pessoa branca,,Homem,,Não,Hétero,,Não,,Declaro ciência desta regra.,Sim,,Sim
153,1,Participando,,,,Uma pessoa branca,,Mulher,,Não,Assexual,,Não,,Declaro ciência desta regra.,Sim,,Sim
154,1,Participando,,,,Uma pessoa parda,,Homem,,Não,Hétero,,Não,,Declaro ciência desta regra.,Sim,,Sim
155,1,Participando,,,,Uma pessoa parda,,Mulher,,Não,Lésbica,,Não,,Declaro ciência desta regra.,Sim,,Sim
156,1,Participando,,,,Uma pessoa negra,,Mulher,,Não,Hétero,,Não,,Declaro ciência desta regra.,Sim,,Sim
157,1,Participando,,,,Uma pessoa parda,,Mulher,,Não,Hétero,,Não,,Declaro ciência desta regra.,Sim,,Sim
158,1,Participando,,,,Uma pessoa parda,,Homem,,Não,Hétero,,Não,,Declaro ciência desta regra.,Sim,,Sim
159,1,Participando,,,,Uma pessoa branca,,Homem,,Não,Hétero,,Não,,Declaro ciência desta regra.,Sim,,Sim
160,1,Participando,,,,Uma pessoa branca,,Mulher,,Não,Hétero,,Não,,Declaro ciência desta regra.,Sim,,Sim
161,1,Participando,,,,Uma pessoa branca,,Mulher,,Não,Lésbica,,Não,,Declaro ciência desta regra.,Sim,,Sim
162,1,Participando,,,,Uma pessoa branca,,Homem,,Não,Hétero,,Não,,Declaro ciência desta regra.,Sim,,Sim
163,1,Participando,,,,Prefiro não responder,,Homem,,Não,Hétero,,Não,,Declaro ciência desta regra.,Sim,,Sim
164,1,Participando,,,,Uma pessoa branca,,Homem,,Não,Hétero,,Não,,Declaro ciência desta regra.,Sim,,Sim
165,1,Participando,,,,Uma pessoa parda,,Homem,,Não,Hétero,,Não,,Declaro ciência desta regra.,Sim,,Sim
166,1,Participando,,,,Uma pessoa parda,,Mulher,,Não,Hétero,,Não,,Declaro ciência desta regra.,Sim,,Sim
167,1,Participando,,,,Uma pessoa branca,,Mulher,,Não,Hétero,,Não,,Declaro ciência desta regra.,Sim,,Sim
168,1,Participando,,,,Uma pessoa amarela,,Homem,,Não,Hétero,,Não,,Declaro ciência desta regra.,Sim,,Sim
169,1,Participando,,,,Uma pessoa parda,,Homem,,Não,Hétero,,Não,,Declaro ciência desta regra.,Sim,,Sim
170,1,Participando,,,,Uma pessoa branca,,Não-binárie,,Não,Lésbica,,Não,,Declaro ciência desta regra.,Sim,,Sim
171,1,Participando,,,,Uma pessoa branca,,Homem,,Não,Hétero,,Não,,Declaro ciência desta regra.,Sim,,Sim
172,1,Participando,,,,Uma pessoa branca,,Homem,,Não,Hétero,,Não,,Declaro ciência desta regra.,Sim,,Sim
173,1,Participando,,,,Uma pessoa branca,,Homem,,Não,Hétero,,Não,,Declaro ciência desta regra.,Sim,,Sim
174,1,Participando,,,,Uma pessoa branca,,Homem,,Não,Hétero,,Não,,Declaro ciência desta regra.,Sim,,Sim
175,1,Participando,,,,Uma pessoa parda,,Homem,,Não,Hétero,,Não,,Declaro ciência desta regra.,Sim,,Sim
176,1,Participando,,,,Uma pessoa branca,,Homem,,Não,Hétero,,Não,,Declaro ciência desta regra.,Sim,,Sim
177,1,Participando,,,,Uma pessoa branca,,Homem,,Não,Hétero,,Não,,Declaro ciência desta regra.,Sim,,Sim
178,1,Participando,,,,Uma pessoa branca,,Homem,,Não,Hétero,,Não,,Declaro ciência desta regra.,Sim,,Sim
179,1,Participando,,,,Uma pessoa branca,,Homem,,Não,Hétero,,Não,,Declaro ciência desta regra.,Não,Sim,Sim
180,1,Participando,,,,Uma pessoa branca,,Homem,,Não,Hétero,,Não,,Declaro ciência desta regra.,Sim,,Sim
181,1,Participando,,,,Uma pessoa parda,,Mulher,,Não,Hétero,,Não,,Declaro ciência desta regra.,Sim,,Sim
182,1,Participando,,,,Uma pessoa branca,,Homem,,Não,Hétero,,Não,,Declaro ciência desta regra.,Sim,,Sim
183,1,Participando,,,,Uma pessoa parda,,Homem,,Não,Hétero,,Não,,Declaro ciência desta regra.,Sim,,Sim
184,1,Participando,,,,Uma pessoa branca,,Mulher,,Não,Hétero,,Não,,Declaro ciência desta regra.,Sim,,Sim
185,1,Participando,,,,Uma pessoa parda,,Homem,,Não,Hétero,,Não,,Declaro ciência desta regra.,Sim,,Sim
186,1,Participando,,,,Uma pessoa branca,,Mulher,,Não,Hétero,,Não,,Declaro ciência desta regra.,Sim,,Sim
187,1,Participando,,,,Prefiro não responder,,Prefiro não responder,,Não,Hétero,,Não,,Declaro ciência desta regra.,Sim,,Sim
188,1,Participando,,,,Uma pessoa branca,,Mulher,,Não,Bisexual,,Não,,Declaro ciência desta regra.,Sim,,Sim
189,1,Participando,,,,Uma pessoa branca,,Homem,,Não,Hétero,,Não,,Declaro ciência desta regra.,Sim,,Sim
190,1,Participando,,,,Uma pessoa branca,,Mulher,,Não,Hétero,,Não,,Declaro ciência desta regra.,Sim,,Sim
191,1,Participando,,,,Uma pessoa parda,,Mulher,,Não,Hétero,,Não,,Declaro ciência desta regra.,Sim,,Sim
192,1,Não participando,,,,Uma pessoa negra,,Homem,,Não,Hétero,,Não,,Declaro ciência desta regra.,Sim,,Sim
193,1,Não participando,,,,Uma pessoa negra,,Homem,,Não,Hétero,,Não,,Declaro ciência desta regra.,Sim,,Sim
194,1,Não participando,,,,Uma pessoa branca,,Homem,,Não,Hétero,,Não,,Declaro ciência desta regra.,Não,Sim,Sim
195,1,Não participando,,,,Uma pessoa branca,,Homem,,Não,Hétero,,Não,,Declaro ciência desta regra.,Não,Sim,Sim
196,1,Participando,,,,Uma pessoa branca,,Homem,,Não,Hétero,,Não,,Declaro ciência desta regra.,Sim,,Sim
197,1,Não participando,,,,Uma pessoa parda,,Mulher,,Não,Hétero,,Não,,Declaro ciência desta regra.,Sim,,Sim
198,1,Não participando,,,,Uma pessoa parda,,Mulher,,Não,Hétero,,Não,,Declaro ciência desta regra.,Sim,,Sim
199,1,Não participando,,,,Uma pessoa parda,,Mulher,,Não,Hétero,,Não,,Declaro ciência desta regra.,Sim,,Sim
200,1,Não participando,,,,Uma pessoa branca,,Homem,,Não,Hétero,,Não,,Declaro ciência desta regra.,Sim,,Sim
201,1,Não participando,,,,Uma pessoa branca,,Homem,,Não,Hétero,,Não,,Declaro ciência desta regra.,Sim,,Sim
202,1,Não participando,,,,Uma pessoa branca,,Homem,,Não,Hétero,,Não,,Declaro ciência desta regra.,Sim,,Sim
203,1,Participando,,,,Uma pessoa parda,,Homem,,Não,Hétero,,Não,,Declaro ciência desta regra.,Sim,,Sim
204,1,Não participando,,,,Uma pessoa branca,,Homem,,Não,Hétero,,Não,,Declaro ciência desta regra.,Sim,,Sim
205,1,Não participando,,,,Uma pessoa branca,,Homem,,Não,Hétero,,Não,,Declaro ciência desta regra.,Sim,,Sim
206,1,Não participando,,,,Uma pessoa branca,,Homem,,Não,Hétero,,Não,,Declaro ciência desta regra.,Sim,,Sim
207,1,Não participando,,,,Uma pessoa branca,,Homem,,Não,Hétero,,Não,,Declaro ciência desta regra.,Sim,,Sim
208,1,Participando,,,,Uma pessoa branca,,Homem,,Não,Hétero,,Não,,Declaro ciência desta regra.,Não,Sim,Sim
209,1,Participando,,,,Uma pessoa parda,,Homem,,Não,Hétero,,Não,,Declaro ciência desta regra.,Sim,,Sim
210,1,Não participando,,,,Uma pessoa branca,,Homem,,Não,Hétero,,Não,,Declaro ciência desta regra.,Sim,,Sim
211,1,Não participando,,,,Uma pessoa branca,,Homem,,Não,Hétero,,Não,,Declaro ciência desta regra.,Sim,,Sim
212,1,Não participando,,,,Uma pessoa branca,,Homem,,Não,Hétero,,Não,,Declaro ciência desta regra.,Sim,,Sim
213,1,Não participando,,,,Uma pessoa branca,,Homem,,Não,Hétero,,Não,,Declaro ciência desta regra.,Sim,,Sim
214,1,Não participando,,,,Uma pessoa branca,,Homem,,Não,Hétero,,Não,,Declaro ciência desta regra.,Sim,,Sim
215,1,Não participando,,,,Uma pessoa branca,,Homem,,Não,Hétero,,Não,,Declaro ciência desta regra.,Sim,,Sim
216,1,Participando,,,,Uma pessoa branca,,Homem,,Não,Hétero,,Não,,Declaro ciência desta regra.,Sim,,Sim
217,1,Participando,,,,Uma pessoa branca,,Mulher,,Não,Bisexual,,Não,,Declaro ciência desta regra.,Sim,,Sim
218,1,Participando,,,,Uma pessoa branca,,Homem,,Não,Hétero,,Não,,Declaro ciência desta regra.,Sim,,Sim
219,1,Participando,,,,Uma pessoa branca,,Homem,,Não,Hétero,,Não,,Declaro ciência desta regra.,Sim,,Sim
220,1,Participando,,,,Uma pessoa negra,,Homem,,Não,Hétero,,Não,,Declaro ciência desta regra.,Sim,,Sim
221,1,Participando,,,,Uma pessoa branca,,Homem,,Não,Hétero,,Não,,Declaro ciência desta regra.,Sim,,Sim
222,1,Participando,,,,Uma pessoa parda,,Homem,,Não,Hétero,,Não,,Declaro ciência desta regra.,Sim,,Sim
223,1,Participando,,,,Uma pessoa branca,,Homem,,Não,Hétero,,Prefiro não responder,,Declaro ciência desta regra.,Sim,,Sim
224,1,Não participando,,,,Uma pessoa branca,,Mulher,,Não,Hétero,,Não,,Declaro ciência desta regra.,Sim,,Sim
225,1,Não participando,,,,Uma pessoa branca,,Mulher,,Não,Hétero,,Não,,Declaro ciência desta regra.,Sim,,Sim
226,1,Não participando,,,,Uma pessoa branca,,Mulher,,Não,Hétero,,Não,,Declaro ciência desta regra.,Sim,,Sim
227,1,Participando,,,,Uma pessoa branca,,Homem,,Não,Hétero,,Não,,Declaro ciência desta regra.,Sim,,Sim
228,1,Participando,,,,Uma pessoa negra,,Homem,,Não,Hétero,,Não,,Declaro ciência desta regra.,Sim,,Sim
229,1,Participando,,,,Uma pessoa branca,,Mulher,,Não,Hétero,,Não,,Declaro ciência desta regra.,Sim,,Sim
230,1,Participando,,,,Uma pessoa parda,,Mulher,,Não,Hétero,,Não,,Declaro ciência desta regra.,Sim,,Sim
231,1,Participando,,,,Uma pessoa parda,,Homem,,Não,Gay,,Não,,Declaro ciência desta regra.,Sim,,Sim
232,1,Participando,,,,Uma pessoa branca,,Mulher,,Não,Hétero,,Não,,Declaro ciência desta regra.,Sim,,Sim
233,1,Não participando,,,,Uma pessoa parda,,Mulher,,Não,Hétero,,Não,,Declaro ciência desta regra.,Sim,,Sim
234,1,Não participando,,,,Uma pessoa parda,,Mulher,,Não,Hétero,,Não,,Declaro ciência desta regra.,Sim,,Sim
235,1,Não participando,,,,Uma pessoa parda,,Mulher,,Não,Hétero,,Não,,Declaro ciência desta regra.,Sim,,Sim
236,1,Participando,,,,Uma pessoa branca,,Mulher,,Não,Hétero,,Não,,Declaro ciência desta regra.,Sim,,Sim
237,1,Participando,,,,Uma pessoa negra,,Homem,,Não,Hétero,,Não,,Declaro ciência desta regra.,Sim,,Sim
238,1,Participando,,,,Uma pessoa branca,,Homem,,Não,Bisexual,,Não,,Declaro ciência desta regra.,Sim,,Sim
239,1,Participando,,,,Uma pessoa branca,,Homem,,Não,Bisexual,,Não,,Declaro ciência desta regra.,Sim,,Sim
240,1,Participando,,,,Uma pessoa parda,,Mulher,,Não,Hétero,,Não,,Declaro ciência desta regra.,Sim,,Sim
241,1,Participando,,,,Prefiro não responder,,Prefiro não responder,,Prefiro não responder,Prefiro não responder,,Prefiro não responder,,Declaro ciência desta regra.,Sim,,Sim
242,1,Participando,,,,Uma pessoa negra,,Mulher,,Não,Bisexual,,Não,,Declaro ciência desta regra.,Sim,,Sim
243,1,Não participando,,,,Uma pessoa branca,,Homem,,Não,Hétero,,Não,,Declaro ciência desta regra.,Sim,,Sim
244,1,Não participando,,,,Uma pessoa branca,,Homem,,Não,Hétero,,Não,,Declaro ciência desta regra.,Sim,,Sim
245,1,Participando,,,,Uma pessoa branca,,Homem,,Não,Hétero,,Não,,Declaro ciência desta regra.,Sim,,Sim
246,1,Não participando,,,,Uma pessoa branca,,Homem,,Não,Hétero,,Não,,Declaro ciência desta regra.,Não,Sim,Sim
247,1,Não participando,,,,Uma pessoa branca,,Homem,,Não,Hétero,,Não,,Declaro ciência desta regra.,Não,Sim,Sim
248,1,Não participando,,,,Uma pessoa branca,,Homem,,Não,Hétero,,Não,,Declaro ciência desta regra.,Não,Sim,Sim
249,1,Participando,,,,Uma pessoa branca,,Mulher,,Não,Hétero,,Não,,Declaro ciência desta regra.,Sim,,Sim
250,1,Participando,,,,Uma pessoa parda,,Homem,,Não,Hétero,,Não,,Declaro ciência desta regra.,Sim,,Sim
251,1,Participando,,,,Uma pessoa branca,,Homem,,Não,Gay,,Não,,Declaro ciência desta regra.,Sim,,Sim
252,1,Não participando,,,,Uma pessoa branca,,Homem,,Não,Hétero,,Não,,Declaro ciência desta regra.,Sim,,Sim
253,1,Não participando,,,,Uma pessoa branca,,Homem,,Não,Hétero,,Não,,Declaro ciência desta regra.,Sim,,Sim
254,1,Participando,,,,Uma pessoa branca,,Mulher,,Não,Hétero,,Não,,Declaro ciência desta regra.,Sim,,Sim
255,1,Não participando,,,,Uma pessoa negra,,Mulher,,Não,Lésbica,,Não,,Declaro ciência desta regra.,Sim,,Sim
256,1,Não participando,,,,Uma pessoa branca,,Homem,,Não,Hétero,,Não,,Declaro ciência desta regra.,Sim,,Sim
257,1,Não participando,,,,Uma pessoa branca,,Homem,,Não,Hétero,,Não,,Declaro ciência desta regra.,Sim,,Sim
258,1,Não participando,,,,Uma pessoa branca,,Homem,,Não,Hétero,,Não,,Declaro ciência desta regra.,Sim,,Sim
259,1,Não participando,,,,Uma pessoa branca,,Homem,,Não,Hétero,,Não,,Declaro ciência desta regra.,Sim,,Sim
260,1,Não participando,,,,Uma pessoa indígena,,Homem,,Não,Hétero,,Não,,Declaro ciência desta regra.,Sim,,Sim
261,1,Não participando,,,,Uma pessoa indígena,,Homem,,Não,Hétero,,Não,,Declaro ciência desta regra.,Sim,,Sim
262,1,Participando,,,,Uma pessoa branca,,Mulher,,Não,Pansexual,,Não,,Declaro ciência desta regra.,Sim,,Sim
263,1,Participando,,,,Uma pessoa branca,,Homem,,Não,Hétero,,Não,,Declaro ciência desta regra.,Sim,,Sim
264,1,Participando,,,,Uma pessoa parda,,Homem,,Não,Hétero,,Não,,Declaro ciência desta regra.,Sim,,Sim
265,1,Não participando,,,,Uma pessoa branca,,Homem,,Não,Hétero,,Não,,Declaro ciência desta regra.,Sim,,Sim
266,1,Não participando,,,,Uma pessoa branca,,Homem,,Não,Hétero,,Não,,Declaro ciência desta regra.,Sim,,Sim
267,1,Não participando,,,,Uma pessoa branca,,Homem,,Não,Hétero,,Não,,Declaro ciência desta regra.,Sim,,Sim
268,1,Não participando,,,,Uma pessoa branca,,Homem,,Não,Hétero,,Não,,Declaro ciência desta regra.,Sim,,Sim
269,1,Participando,,,,Uma pessoa branca,,Homem,,Não,Hétero,,Não,,Declaro ciência desta regra.,Sim,,Sim
270,1,Participando,,,,Uma pessoa parda,,Mulher,,Não,Hétero,,Não,,Declaro ciência desta regra.,Sim,,Sim
271,1,Participando,,,,Uma pessoa parda,,Mulher,,Não,Hétero,,Não,,Declaro ciência desta regra.,Sim,,Sim
272,1,Não participando,,,,Uma pessoa branca,,Mulher,,Não,Hétero,,Não,,Declaro ciência desta regra.,Sim,,Sim
273,1,Não participando,,,,Uma pessoa branca,,Mulher,,Não,Hétero,,Não,,Declaro ciência desta regra.,Sim,,Sim
274,1,Participando,,,,Uma pessoa parda,,Homem,,Não,Hétero,,Não,,Declaro ciência desta regra.,Sim,,Sim
275,1,Participando,,,,Uma pessoa parda,,Homem,,Não,Hétero,,Não,,Declaro ciência desta regra.,Sim,,Sim
276,1,Não participando,,,,Uma pessoa parda,,Homem,,Não,Hétero,,Não,,Declaro ciência desta regra.,Sim,,Sim
277,1,Não participando,,,,Uma pessoa parda,,Homem,,Não,Hétero,,Não,,Declaro ciência desta regra.,Sim,,Sim
278,1,Não participando,,,,Uma pessoa parda,,Homem,,Não,Hétero,,Não,,Declaro ciência desta regra.,Sim,,Sim
279,1,Não participando,,,,Uma pessoa branca,,Homem,,Não,Hétero,,Não,,Declaro ciência desta regra.,Sim,,Sim
280,1,Não participando,,,,Uma pessoa branca,,Homem,,Não,Hétero,,Não,,Declaro ciência desta regra.,Sim,,Sim
281,1,Não participando,,,,Uma pessoa branca,,Homem,,Não,Hétero,,Não,,Declaro ciência desta regra.,Sim,,Sim
282,1,Não participando,,,,Uma pessoa branca,,Homem,,Não,Hétero,,Não,,Declaro ciência desta regra.,Sim,,Sim
283,1,Não participando,,,,Uma pessoa branca,,Homem,,Não,Hétero,,Não,,Declaro ciência desta regra.,Sim,,Sim
284,1,Não participando,,,,Uma pessoa branca,,Homem,,Não,Hétero,,Não,,Declaro ciência desta regra.,Sim,,Sim
285,1,Não participando,,,,Uma pessoa branca,,Homem,,Não,Hétero,,Não,,Declaro ciência desta regra.,Sim,,Sim
286,1,Não participando,,,,Uma pessoa branca,,Homem,,Não,Hétero,,Não,,Declaro ciência desta regra.,Sim,,Sim
287,1,Não participando,,,,Uma pessoa branca,,Homem,,Não,Hétero,,Não,,Declaro ciência desta regra.,Sim,,Sim
288,1,Participando,,,,Uma pessoa branca,,Homem,,Não,Hétero,,Não,,Declaro ciência desta regra.,Sim,,Sim
289,1,Participando,,,,Uma pessoa branca,,Mulher,,Não,Hétero,,Não,,Declaro ciência desta regra.,Sim,,Sim
290,1,Não participando,,,,Uma pessoa branca,,Homem,,Não,Hétero,,Não,,Declaro ciência desta regra.,Sim,,Sim
291,1,Não participando,,,,Uma pessoa branca,,Homem,,Não,Hétero,,Não,,Declaro ciência desta regra.,Sim,,Sim
292,1,Não participando,,,,Uma pessoa branca,,Homem,,Não,Hétero,,Não,,Declaro ciência desta regra.,Sim,,Sim
293,1,Participando,,,,Uma pessoa branca,,Mulher,,Não,Lésbica,,Não,,Declaro ciência desta regra.,Sim,,Sim
294,1,Participando,,,,Uma pessoa negra,,Homem,,Não,Hétero,,Não,,Declaro ciência desta regra.,Sim,,Sim
295,1,Participando,,,,Uma pessoa branca,,Mulher,,Não,Lésbica,,Não,,Declaro ciência desta regra.,Sim,,Sim
296,1,Não participando,,,,Uma pessoa negra,,Homem,,Não,Hétero,,Não,,Declaro ciência desta regra.,Sim,,Sim
297,1,Não participando,,,,Uma pessoa negra,,Homem,,Não,Hétero,,Não,,Declaro ciência desta regra.,Sim,,Sim
298,1,Não participando,,,,Uma pessoa negra,,Homem,,Não,Hétero,,Não,,Declaro ciência desta regra.,Sim,,Sim
299,1,Participando,,,,Uma pessoa parda,,Homem,,Não,Hétero,,Não,,Declaro ciência desta regra.,Sim,,Sim
300,1,Participando,,,,Uma pessoa negra,,Homem,,Não,Hétero,,Não,,Declaro ciência desta regra.,Sim,,Sim
301,1,Participando,,,,Uma pessoa parda,,Mulher,,Não,Hétero,,Não,,Declaro ciência desta regra.,Não,Sim,Sim
302,1,Participando,,,,Uma pessoa parda,,Mulher,,Não,Hétero,,Não,,Declaro ciência desta regra.,Sim,,Sim
303,1,Participando,,,,Uma pessoa branca,,Mulher,,Não,Hétero,,Não,,Declaro ciência desta regra.,Sim,,Sim
304,1,Não participando,,,,Uma pessoa branca,,Homem,,Não,Hétero,,Não,,Declaro ciência desta regra.,Sim,,Sim
305,1,Não participando,,,,Uma pessoa branca,,Homem,,Não,Hétero,,Não,,Declaro ciência desta regra.,Sim,,Sim
306,1,Não participando,,,,Uma pessoa branca,,Homem,,Não,Hétero,,Não,,Declaro ciência desta regra.,Não,Sim,Sim
307,1,Não participando,,,,Uma pessoa branca,,Homem,,Não,Hétero,,Não,,Declaro ciência desta regra.,Não,Sim,Sim
308,1,Não participando,,,,Uma pessoa branca,,Homem,,Não,Hétero,,Não,,Declaro ciência desta regra.,Não,Sim,Sim
309,1,Participando,,,,Uma pessoa parda,,Homem,,Não,Hétero,,Não,,Declaro ciência desta regra.,Não,Sim,Sim
310,1,Participando,,,,Uma pessoa branca,,Homem,,Não,Hétero,,Não,,Declaro ciência desta regra.,Sim,,Sim
311,1,Não participando,,,,Uma pessoa negra,,Mulher,,Não,Hétero,,Não,,Declaro ciência desta regra.,Sim,,Sim
312,1,Não participando,,,,Uma pessoa negra,,Mulher,,Não,Hétero,,Não,,Declaro ciência desta regra.,Sim,,Sim
313,1,Participando,,,,Uma pessoa branca,,Homem,,Não,Hétero,,Não,,Declaro ciência desta regra.,Sim,,Sim
314,1,Participando,,,,Uma pessoa branca,,Homem,,Não,Hétero,,Não,,Declaro ciência desta regra.,Sim,,Sim
315,1,Não participando,,,,Uma pessoa negra,,Mulher,,Não,Hétero,,Não,,Declaro ciência desta regra.,Sim,,Sim
316,1,Não participando,,,,Uma pessoa negra,,Mulher,,Não,Hétero,,Não,,Declaro ciência desta regra.,Sim,,Sim
317,1,Não participando,,,,Uma pessoa negra,,Mulher,,Não,Hétero,,Não,,Declaro ciência desta regra.,Sim,,Sim
318,1,Participando,,,,Uma pessoa parda,,Homem,,Não,Hétero,,Não,,Declaro ciência desta regra.,Sim,,Sim
319,1,Não participando,,,,Uma pessoa branca,,Homem,,Não,Hétero,,Não,,Declaro ciência desta regra.,Sim,,Sim
320,1,Não participando,,,,Uma pessoa branca,,Homem,,Não,Hétero,,Não,,Declaro ciência desta regra.,Sim,,Sim
321,1,Não participando,,,,Uma pessoa negra,,Mulher,,Não,Hétero,,Não,,Declaro ciência desta regra.,Sim,,Sim
322,1,Não participando,,,,Uma pessoa negra,,Mulher,,Não,Hétero,,Não,,Declaro ciência desta regra.,Sim,,Sim
323,1,Não participando,,,,Uma pessoa negra,,Mulher,,Não,Hétero,,Não,,Declaro ciência desta regra.,Sim,,Sim
324,1,Não participando,,,,Uma pessoa negra,,Mulher,,Não,Hétero,,Não,,Declaro ciência desta regra.,Sim,,Sim
325,1,Participando,,,,Uma pessoa branca,,Homem,,Não,Hétero,,Não,,Declaro ciência desta regra.,Sim,,Sim
326,1,Participando,,,,Uma pessoa negra,,Homem,,Não,Hétero,,Não,,Declaro ciência desta regra.,Sim,,Sim
327,1,Não participando,,,,Uma pessoa branca,,Homem,,Não,Hétero,,Não,,Declaro ciência desta regra.,Sim,,Sim
328,1,Não participando,,,,Uma pessoa branca,,Homem,,Não,Hétero,,Não,,Declaro ciência desta regra.,Sim,,Sim
329,1,Não participando,,,,Uma pessoa branca,,Mulher,,Não,Hétero,,Não,,Declaro ciência desta regra.,Sim,,Sim
330,1,Não participando,,,,Uma pessoa branca,,Mulher,,Não,Hétero,,Não,,Declaro ciência desta regra.,Sim,,Sim
331,1,Não participando,,,,Uma pessoa branca,,Mulher,,Não,Hétero,,Não,,Declaro ciência desta regra.,Sim,,Sim
332,1,Não participando,,,,Uma pessoa branca,,Mulher,,Não,Hétero,,Não,,Declaro ciência desta regra.,Sim,,Sim
333,1,Participando,,,,Uma pessoa parda,,Mulher,,Não,Hétero,,Não,,Declaro ciência desta regra.,Não,Sim,Sim
334,1,Participando,,,,Prefiro não responder,,Homem,,Não,Hétero,,Não,,Declaro ciência desta regra.,Sim,,Sim
335,1,Não participando,,,,Uma pessoa negra,,Mulher,,Não,Hétero,,Não,,Declaro ciência desta regra.,Sim,,Sim
336,1,Não participando,,,,Uma pessoa negra,,Mulher,,Não,Hétero,,Não,,Declaro ciência desta regra.,Sim,,Sim
337,1,Não participando,,,,Uma pessoa negra,,Mulher,,Não,Hétero,,Não,,Declaro ciência desta regra.,Sim,,Sim
338,1,Não participando,,,,Uma pessoa negra,,Mulher,,Não,Hétero,,Não,,Declaro ciência desta regra.,Sim,,Sim
339,1,Não participando,,,,Uma pessoa parda,,Homem,,Não,Hétero,,Não,,Declaro ciência desta regra.,Sim,,Sim
340,1,Não participando,,,,Uma pessoa parda,,Homem,,Não,Hétero,,Não,,Declaro ciência desta regra.,Sim,,Sim
341,1,Não participando,,,,Uma pessoa branca,,Mulher,,Não,Hétero,,Não,,Declaro ciência desta regra.,Sim,,Sim
342,1,Não participando,,,,Uma pessoa branca,,Mulher,,Não,Hétero,,Não,,Declaro ciência desta regra.,Sim,,Sim
343,1,Participando,,,,Uma pessoa parda,,Homem,,Não,Hétero,,Não,,Declaro ciência desta regra.,Não,Sim,Sim
344,1,Participando,,,,Uma pessoa branca,,Mulher,,Não,Hétero,,Não,,Declaro ciência desta regra.,Sim,,Sim
345,1,Não participando,,,,Uma pessoa parda,,Mulher,,Não,Hétero,,Não,,Declaro ciência desta regra.,Sim,,Sim
346,1,Não participando,,,,Uma pessoa parda,,Mulher,,Não,Hétero,,Não,,Declaro ciência desta regra.,Sim,,Sim
347,1,Não participando,,,,Uma pessoa parda,,Mulher,,Não,Hétero,,Não,,Declaro ciência desta regra.,Sim,,Sim
348,1,Não participando,,,,Uma pessoa parda,,Mulher,,Não,Hétero,,Não,,Declaro ciência desta regra.,Sim,,Sim
349,1,Não participando,,,,Uma pessoa branca,,Homem,,Não,Hétero,,Não,,Declaro ciência desta regra.,Sim,,Sim
350,1,Não participando,,,,Uma pessoa branca,,Homem,,Não,Hétero,,Não,,Declaro ciência desta regra.,Sim,,Sim
351,1,Não participando,,,,Uma pessoa branca,,Homem,,Não,Hétero,,Não,,Declaro ciência desta regra.,Sim,,Sim
352,1,Não participando,,,,Uma pessoa branca,,Homem,,Não,Hétero,,Não,,Declaro ciência desta regra.,Sim,,Sim
353,1,Participando,,,,Uma pessoa branca,,Mulher,,Não,Hétero,,Não,,Declaro ciência desta regra.,Sim,,Sim
354,1,Participando,,,,Uma pessoa branca,,Homem,,Não,Hétero,,Não,,Declaro ciência desta regra.,Sim,,Sim
355,1,Participando,,,,Uma pessoa branca,,Homem,,Não,Hétero,,Não,,Declaro ciência desta regra.,Sim,,Sim
356,1,Não participando,,,,Uma pessoa branca,,Mulher,,Não,Hétero,,Não,,Declaro ciência desta regra.,Sim,,Sim
357,1,Não participando,,,,Uma pessoa branca,,Mulher,,Não,Hétero,,Não,,Declaro ciência desta regra.,Sim,,Sim
358,1,Participando,,,,Uma pessoa branca,,Mulher,,Não,Hétero,,Não,,Declaro ciência desta regra.,Sim,,Sim
359,1,Participando,,,,Uma pessoa branca,,Mulher,,Não,Lésbica,,Não,,Declaro ciência desta regra.,Sim,,Sim
360,1,Participando,,,,Uma pessoa parda,,Mulher,,Não,Hétero,,Não,,Declaro ciência desta regra.,Não,Sim,Sim
361,1,Não participando,,,,Uma pessoa amarela,,Homem,,Não,Hétero,,Não,,Declaro ciência desta regra.,Sim,,Sim
362,1,Não participando,,,,Uma pessoa amarela,,Homem,,Não,Hétero,,Não,,Declaro ciência desta regra.,Sim,,Sim
363,1,Não participando,,,,Uma pessoa amarela,,Homem,,Não,Hétero,,Não,,Declaro ciência desta regra.,Sim,,Sim
364,1,Não participando,,,,Uma pessoa amarela,,Homem,,Não,Hétero,,Não,,Declaro ciência desta regra.,Sim,,Sim
365,1,Não participando,,,,Uma pessoa amarela,,Homem,,Não,Hétero,,Não,,Declaro ciência desta regra.,Sim,,Sim
366,1,Participando,,,,Uma pessoa parda,,Mulher,,Não,Hétero,,Não,,Declaro ciência desta regra.,Sim,,Sim
367,1,Participando,,,,Uma pessoa branca,,Mulher,,Não,Hétero,,Não,,Declaro ciência desta regra.,Sim,,Sim
368,1,Participando,,,,Uma pessoa negra,,Homem,,Não,Hétero,,Não,,Declaro ciência desta regra.,Sim,,Sim
369,1,Participando,,,,Uma pessoa branca,,Homem,,Não,Hétero,,Não,,Declaro ciência desta regra.,Não,Sim,Sim
370,1,Participando,,,,Uma pessoa branca,,Mulher,,Não,Lésbica,,Não,,Declaro ciência desta regra.,Sim,,Sim
371,1,Participando,,,,Uma pessoa branca,,Homem,,Não,Hétero,,Não,,Declaro ciência desta regra.,Sim,,Sim
372,1,Não participando,,,,Uma pessoa parda,,Homem,,Não,Hétero,,Não,,Declaro ciência desta regra.,Sim,,Sim
373,1,Não participando,,,,Uma pessoa parda,,Homem,,Não,Hétero,,Não,,Declaro ciência desta regra.,Sim,,Sim
374,1,Participando,,,,Uma pessoa branca,,Mulher,,Não,Hétero,,Não,,Declaro ciência desta regra.,Não,Sim,Sim
375,1,Participando,,,,Uma pessoa branca,,Mulher,,Não,Hétero,,Não,,Declaro ciência desta regra.,Sim,,Sim
376,1,Participando,,,,Uma pessoa branca,,Homem,,Não,Hétero,,Não,,Declaro ciência desta regra.,Sim,,Sim
377,1,Participando,,,,Uma pessoa negra,,Mulher,,Não,Hétero,,Não,,Declaro ciência desta regra.,Não,Sim,Sim
378,1,Não participando,,,,Uma pessoa branca,,Homem,,Não,Hétero,,Não,,Declaro ciência desta regra.,Sim,,Sim
379,1,Não participando,,,,Uma pessoa branca,,Homem,,Não,Hétero,,Não,,Declaro ciência desta regra.,Sim,,Sim
380,1,Não participando,,,,Uma pessoa branca,,Homem,,Não,Hétero,,Não,,Declaro ciência desta regra.,Sim,,Sim
381,1,Participando,,,,Uma pessoa parda,,Homem,,Não,Hétero,,Não,,Declaro ciência desta regra.,Não,Sim,Sim
382,1,Não participando,,,,Prefiro não responder,,Mulher,,Não,Hétero,,Não,,Declaro ciência desta regra.,Não,Sim,Sim
383,1,Não participando,,,,Prefiro não responder,,Mulher,,Não,Hétero,,Não,,Declaro ciência desta regra.,Não,Sim,Sim
384,1,Participando,,,,Uma pessoa branca,,Homem,,Não,Hétero,,Não,,Declaro ciência desta regra.,Sim,,Sim
385,1,Participando,,,,Uma pessoa parda,,Homem,,Não,Hétero,,Não,,Declaro ciência desta regra.,Sim,,Sim
386,1,Não participando,,,,Uma pessoa branca,,Homem,,Não,Hétero,,Não,,Declaro ciência desta regra.,Sim,,Sim
387,1,Não participando,,,,Uma pessoa branca,,Homem,,Não,Hétero,,Não,,Declaro ciência desta regra.,Sim,,Sim
388,1,Não participando,,,,Uma pessoa branca,,Homem,,Não,Hétero,,Não,,Declaro ciência desta regra.,Sim,,Sim
389,1,Participando,,,,Uma pessoa parda,,Homem,,Não,Hétero,,Não,,Declaro ciência desta regra.,Sim,,Sim
390,1,Não participando,,,,Uma pessoa branca,,Homem,,Não,Hétero,,Não,,Declaro ciência desta regra.,Sim,,Sim
391,1,Não participando,,,,Uma pessoa branca,,Homem,,Não,Hétero,,Não,,Declaro ciência desta regra.,Sim,,Sim
392,1,Participando,,,,Uma pessoa branca,,Mulher,,Não,Hétero,,Não,,Declaro ciência desta regra.,Sim,,Sim
393,1,Não participando,,,,Uma pessoa branca,,Homem,,Não,Hétero,,Não,,Declaro ciência desta regra.,Sim,,Sim
394,1,Não participando,,,,Uma pessoa branca,,Homem,,Não,Hétero,,Não,,Declaro ciência desta regra.,Sim,,Sim
395,1,Não participando,,,,Uma pessoa branca,,Homem,,Não,Hétero,,Não,,Declaro ciência desta regra.,Sim,,Sim
396,1,Não participando,,,,Uma pessoa branca,,Homem,,Não,Hétero,,Não,,Declaro ciência desta regra.,Sim,,Sim
397,1,Participando,,,,Uma pessoa negra,,Mulher,,Não,Pansexual,,Não,,Declaro ciência desta regra.,Sim,,Sim
398,1,Participando,,,,Uma pessoa branca,,Homem,,Não,Hétero,,Não,,Declaro ciência desta regra.,Sim,,Sim
399,1,Participando,,,,Uma pessoa branca,,Mulher,,Não,Hétero,,Não,,Declaro ciência desta regra.,Sim,,Sim
400,1,Participando,,,,Uma pessoa branca,,Homem,,Não,Hétero,,Não,,Declaro ciência desta regra.,Sim,,Sim
401,1,Participando,,,,Uma pessoa branca,,Homem,,Não,Bisexual,,Não,,Declaro ciência desta regra.,Sim,,Sim
402,1,Participando,,,,Uma pessoa parda,,Homem,,Não,Hétero,,Não,,Declaro ciência desta regra.,Sim,,Sim
403,1,Não participando,,,,Uma pessoa branca,,Homem,,Não,Hétero,,Não,,Declaro ciência desta regra.,Sim,,Sim
404,1,Não participando,,,,Uma pessoa branca,,Homem,,Não,Hétero,,Não,,Declaro ciência desta regra.,Sim,,Sim
405,1,Não participando,,,,Uma pessoa branca,,Homem,,Não,Hétero,,Não,,Declaro ciência desta regra.,Sim,,Sim
406,1,Participando,,,,Uma pessoa negra,,Mulher,,Não,Hétero,,Não,,Declaro ciência desta regra.,Não,Sim,Sim
407,1,Participando,,,,Uma pessoa parda,,Homem,,Não,Hétero,,Não,,Declaro ciência desta regra.,Não,Sim,Sim
408,1,Participando,,,,Uma pessoa parda,,Homem,,Não,Hétero,,Não,,Declaro ciência desta regra.,Sim,,Sim
409,1,Participando,,,,Uma pessoa branca,,Homem,,Não,Hétero,,Não,,Declaro ciência desta regra.,Sim,,Sim
410,1,Não participando,,,,Uma pessoa negra,,Homem,,Não,Hétero,,Não,,Declaro ciência desta regra.,Sim,,Sim
411,1,Não participando,,,,Uma pessoa negra,,Homem,,Não,Hétero,,Não,,Declaro ciência desta regra.,Sim,,Sim
412,1,Não participando,,,,Uma pessoa branca,,Homem,,Não,Hétero,,Não,,Declaro ciência desta regra.,Sim,,Sim
413,1,Não participando,,,,Uma pessoa parda,,Mulher,,Não,Hétero,,Não,,Declaro ciência desta regra.,Sim,,Sim
414,1,Não participando,,,,Uma pessoa parda,,Mulher,,Não,Hétero,,Não,,Declaro ciência desta regra.,Não,Sim,Sim
415,1,Não participando,,,,Uma pessoa parda,,Mulher,,Não,Hétero,,Não,,Declaro ciência desta regra.,Não,Sim,Sim
416,1,Participando,,,,Uma pessoa parda,,Homem,,Não,Hétero,,Não,,Declaro ciência desta regra.,Sim,,Sim
417,1,Não participando,,,,Uma pessoa parda,,Mulher,,Não,Prefiro não responder,,Não,,Declaro ciência desta regra.,Sim,,Sim
418,1,Não participando,,,,Uma pessoa amarela,,Homem,,Não,Hétero,,Não,,Declaro ciência desta regra.,Sim,,Sim
419,1,Participando,,,,Uma pessoa branca,,Homem,,Não,Prefiro não responder,,Não,,Declaro ciência desta regra.,Sim,,Sim
420,1,Não participando,,,,Uma pessoa parda,,Mulher,,Não,Hétero,,Não,,Declaro ciência desta regra.,Sim,,Sim
421,1,Não participando,,,,Uma pessoa parda,,Homem,,Não,Hétero,,Não,,Declaro ciência desta regra.,Sim,,Sim
422,1,Não participando,,,,Uma pessoa parda,,Homem,,Não,Hétero,,Não,,Declaro ciência desta regra.,Sim,,Sim
423,1,Participando,,,,Uma pessoa branca,,Homem,,Não,Hétero,,Não,,Declaro ciência desta regra.,Sim,,Sim
424,1,Não participando,,,,Uma pessoa branca,,Homem,,Não,Hétero,,Não,,Declaro ciência desta regra.,Sim,,Sim
425,1,Participando,,,,Uma pessoa parda,,Homem,,Não,Hétero,,Não,,Declaro ciência desta regra.,Sim,,Sim
426,1,Participando,,,,Uma pessoa negra,,Mulher,,Sim,Hétero,,Não,,Declaro ciência desta regra.,Sim,,Sim
427,1,Participando,,,,Uma pessoa parda,,Homem,,Não,Hétero,,Não,,Declaro ciência desta regra.,Sim,,Sim
428,1,Participando,,,,Uma pessoa branca,,Homem,,Não,Hétero,,Não,,Declaro ciência desta regra.,Sim,,Sim
429,1,Não participando,,,,Uma pessoa branca,,Homem,,Não,Hétero,,Não,,Declaro ciência desta regra.,Sim,,Sim
430,1,Participando,,,,Uma pessoa parda,,Homem,,Não,Hétero,,Não,,Declaro ciência desta regra.,Sim,,Sim
431,1,Não participando,,,,Uma pessoa branca,,Homem,,Não,Hétero,,Não,,Declaro ciência desta regra.,Sim,,Sim
432,1,Participando,,,,Uma pessoa parda,,Homem,,Não,Hétero,,Não,,Declaro ciência desta regra.,Sim,,Sim
433,1,Participando,,,,Uma pessoa branca,,Homem,,Não,Hétero,,Não,,Declaro ciência desta regra.,Sim,,Sim
434,1,Participando,,,,Uma pessoa parda,,Mulher,,Não,Hétero,,Não,,Declaro ciência desta regra.,Sim,,Sim
435,1,Não participando,,,,Uma pessoa branca,,Homem,,Não,Hétero,,Não,,Declaro ciência desta regra.,Sim,,Sim
436,1,Não participando,,,,Uma pessoa branca,,Mulher,,Não,Hétero,,Não,,Declaro ciência desta regra.,Sim,,Sim
437,1,Não participando,,,,Uma pessoa branca,,Homem,,Não,Hétero,,Não,,Declaro ciência desta regra.,Sim,,Sim
438,1,Participando,,,,Uma pessoa branca,,Mulher,,Não,Hétero,,Não,,Declaro ciência desta regra.,Sim,,Sim
439,1,Não participando,,,,Uma pessoa branca,,Homem,,Não,Hétero,,Não,,Declaro ciência desta regra.,Sim,,Sim
440,1,Participando,,,,Uma pessoa parda,,Homem,,Não,Outro,sem bússola,Não,,Declaro ciência desta regra.,Sim,,Sim
441,1,Não participando,,,,Uma pessoa branca,,Homem,,Não,Hétero,,Não,,Declaro ciência desta regra.,Sim,,Sim
442,1,Não participando,,,,Prefiro não responder,,Homem,,Não,Prefiro não responder,,Não,,Declaro ciência desta regra.,Sim,,Sim
443,1,Não participando,,,,Prefiro não responder,,Homem,,Não,Prefiro não responder,,Não,,Declaro ciência desta regra.,Sim,,Sim
444,1,Não participando,,,,Prefiro não responder,,Homem,,Não,Prefiro não responder,,Não,,Declaro ciência desta regra.,Sim,,Sim
445,1,Participando,,,,Uma pessoa branca,,Homem,,Não,Hétero,,Não,,Declaro ciência desta regra.,Sim,,Sim
446,1,Participando,,,,Uma pessoa branca,,Mulher,,Não,Hétero,,Não,,Declaro ciência desta regra.,Sim,,Sim
447,1,Participando,,,,Uma pessoa amarela,,Homem,,Não,Hétero,,Não,,Declaro ciência desta regra.,Sim,,Sim
448,1,Participando,,,,Uma pessoa branca,,Homem,,Não,Prefiro não responder,,Não,,Declaro ciência desta regra.,Sim,,Sim
449,1,Não participando,,,,Uma pessoa branca,,Homem,,Não,Hétero,,Não,,Declaro ciência desta regra.,Sim,,Sim
450,1,Não participando,,,,Uma pessoa branca,,Mulher,,Não,Hétero,,Não,,Declaro ciência desta regra.,Sim,,Sim
451,1,Participando,,,,Uma pessoa branca,,Mulher,,Não,Hétero,,Não,,Declaro ciência desta regra.,Sim,,Sim
452,1,Participando,,,,Uma pessoa negra,,Mulher,,Não,Bisexual,,Não,,Declaro ciência desta regra.,Sim,,Sim
453,1,Participando,,,,Uma pessoa negra,,Mulher,,Não,Hétero,,Não,,Declaro ciência desta regra.,Sim,,Sim
454,1,Participando,,,,Prefiro não responder,,Prefiro não responder,,Prefiro não responder,Prefiro não responder,,Prefiro não responder,,Declaro ciência desta regra.,Sim,,Sim
455,1,Não participando,,,,Uma pessoa parda,,Mulher,,Não,Prefiro não responder,,Não,,Declaro ciência desta regra.,Sim,,Sim
456,1,Não participando,,,,Uma pessoa parda,,Mulher,,Não,Prefiro não responder,,Não,,Declaro ciência desta regra.,Sim,,Sim
457,1,Participando,,,,Uma pessoa parda,,Mulher,,Não,Prefiro não responder,,Não,,Declaro ciência desta regra.,Sim,,Sim
458,1,Participando,,,,Uma pessoa branca,,Homem,,Não,Hétero,,Não,,Declaro ciência desta regra.,Sim,,Sim
459,1,Não participando,,,,Uma pessoa negra,,Mulher,,Não,Hétero,,Não,,Declaro ciência desta regra.,Sim,,Sim
460,1,Não participando,,,,Uma pessoa negra,,Mulher,,Não,Hétero,,Não,,Declaro ciência desta regra.,Sim,,Sim
461,1,Não participando,,,,Uma pessoa branca,,Mulher,,Não,Hétero,,Não,,Declaro ciência desta regra.,Sim,,Sim
462,1,Participando,,,,Uma pessoa branca,,Homem,,Não,Hétero,,Não,,Declaro ciência desta regra.,Não,Sim,Sim
463,1,Não participando,,,,Uma pessoa parda,,Mulher,,Não,Prefiro não responder,,Não,,Declaro ciência desta regra.,Sim,,Sim
464,1,Não participando,,,,Uma pessoa parda,,Mulher,,Não,Prefiro não responder,,Não,,Declaro ciência desta regra.,Sim,,Sim
465,1,Não participando,,,,Uma pessoa negra,,Homem,,Não,Hétero,,Não,,Declaro ciência desta regra.,Sim,,Sim
466,1,Não participando,,,,Uma pessoa negra,,Homem,,Não,Hétero,,Não,,Declaro ciência desta regra.,Sim,,Sim
467,1,Participando,,,,Uma pessoa negra,,Homem,,Não,Hétero,,Não,,Declaro ciência desta regra.,Sim,,Sim
468,1,Participando,,,,Uma pessoa branca,,Homem,,Não,Hétero,,Não,,Declaro ciência desta regra.,Sim,,Sim
469,1,Participando,,,,Uma pessoa parda,,Homem,,Não,Hétero,,Não,,Declaro ciência desta regra.,Sim,,Sim
470,1,Não participando,,,,Uma pessoa branca,,Homem,,Não,Hétero,,Não,,Declaro ciência desta regra.,Sim,,Sim
471,1,Não participando,,,,Uma pessoa branca,,Homem,,Não,Hétero,,Não,,Declaro ciência desta regra.,Sim,,Sim
472,1,Não participando,,,,Uma pessoa branca,,Homem,,Não,Hétero,,Não,,Declaro ciência desta regra.,Sim,,Sim
473,1,Não participando,,,,Uma pessoa branca,,Homem,,Não,Hétero,,Não,,Declaro ciência desta regra.,Sim,,Sim
474,1,Não participando,,,,Uma pessoa branca,,Homem,,Não,Hétero,,Não,,Declaro ciência desta regra.,Sim,,Sim
475,1,Participando,,,,Uma pessoa branca,,Homem,,Não,Prefiro não responder,,Sim,Pessoa com baixa acuidade visual (Ceratocone),Declaro ciência desta regra.,Sim,,Sim
476,1,Não participando,,,,Uma pessoa branca,,Homem,,Não,Hétero,,Não,,Declaro ciência desta regra.,Sim,,Sim
477,1,Não participando,,,,Uma pessoa parda,,Homem,,Não,Hétero,,Não,,Declaro ciência desta regra.,Sim,,Sim
478,1,Não participando,,,,Uma pessoa parda,,Homem,,Não,Hétero,,Não,,Declaro ciência desta regra.,Sim,,Sim
479,1,Não participando,,,,Uma pessoa branca,,Homem,,Não,Hétero,,Não,,Declaro ciência desta regra.,Sim,,Sim
480,1,Não participando,,,,Uma pessoa branca,,Homem,,Não,Hétero,,Não,,Declaro ciência desta regra.,Sim,,Sim
481,1,Participando,,,,Uma pessoa parda,,Mulher,,Não,Hétero,,Não,,Declaro ciência desta regra.,Sim,,Sim
482,1,Participando,,,,Uma pessoa branca,,Mulher,,Não,Bisexual,,Não,,Declaro ciência desta regra.,Sim,,Sim
483,1,Participando,,,,Uma pessoa branca,,Mulher,,Não,Hétero,,Não,,Declaro ciência desta regra.,Sim,,Sim
484,1,Participando,,,,Uma pessoa negra,,Homem,,Não,Hétero,,Não,,Declaro ciência desta regra.,Sim,,Sim
485,1,Não participando,,,,Uma pessoa parda,,Homem,,Não,Hétero,,Não,,Declaro ciência desta regra.,Sim,,Sim
486,1,Não participando,,,,Uma pessoa parda,,Homem,,Não,Hétero,,Não,,Declaro ciência desta regra.,Sim,,Sim
487,1,Não participando,,,,Uma pessoa parda,,Homem,,Não,Hétero,,Não,,Declaro ciência desta regra.,Sim,,Sim
488,1,Não participando,,,,Uma pessoa negra,,Mulher,,Não,Hétero,,Não,,Declaro ciência desta regra.,Sim,,Sim
489,1,Não participando,,,,Uma pessoa negra,,Mulher,,Não,Hétero,,Não,,Declaro ciência desta regra.,Sim,,Sim
490,1,Não participando,,,,Uma pessoa branca,,Mulher,,Não,Hétero,,Não,,Declaro ciência desta regra.,Não,Sim,Sim
491,1,Não participando,,,,Uma pessoa branca,,Mulher,,Não,Hétero,,Não,,Declaro ciência desta regra.,Não,Sim,Sim
492,1,Não participando,,,,Uma pessoa branca,,Homem,,Não,Hétero,,Não,,Declaro ciência desta regra.,Sim,,Sim
493,1,Não participando,,,,Uma pessoa branca,,Homem,,Não,Hétero,,Não,,Declaro ciência desta regra.,Sim,,Sim
494,1,Não participando,,,,Uma pessoa branca,,Homem,,Não,Hétero,,Não,,Declaro ciência desta regra.,Sim,,Sim
495,1,Não participando,,,,Uma pessoa branca,,Homem,,Não,Hétero,,Não,,Declaro ciência desta regra.,Sim,,Sim
496,1,Não participando,,,,Uma pessoa amarela,,Homem,,Não,Hétero,,Não,,Declaro ciência desta regra.,Não,Sim,Sim
497,1,Não participando,,,,Uma pessoa amarela,,Homem,,Não,Hétero,,Não,,Declaro ciência desta regra.,Não,Sim,Sim
498,1,Participando,,,,Uma pessoa branca,,Mulher,,Não,Hétero,,Não,,Declaro ciência desta regra.,Sim,,Sim
499,1,Não participando,,,,Uma pessoa parda,,Mulher,,Prefiro não responder,Prefiro não responder,,Não,,Declaro ciência desta regra.,Sim,,Sim
500,1,Não participando,,,,Uma pessoa branca,,Homem,,Não,Hétero,,Não,,Declaro ciência desta regra.,Sim,,Sim
501,1,Não participando,,,,Uma pessoa branca,,Homem,,Não,Hétero,,Não,,Declaro ciência desta regra.,Sim,,Sim
502,1,Não participando,,,,Uma pessoa branca,,Homem,,Não,Hétero,,Não,,Declaro ciência desta regra.,Sim,,Sim
503,1,Não participando,,,,Uma pessoa branca,,Homem,,Não,Hétero,,Não,,Declaro ciência desta regra.,Sim,,Sim
504,1,Não participando,,,,Uma pessoa branca,,Mulher,,Não,Hétero,,Não,,Declaro ciência desta regra.,Sim,,Sim
505,1,Não participando,,,,Uma pessoa branca,,Mulher,,Não,Hétero,,Não,,Declaro ciência desta regra.,Sim,,Sim
506,1,Não participando,,,,Uma pessoa parda,,Homem,,Não,Hétero,,Não,,Declaro ciência desta regra.,Sim,,Sim
507,1,Não participando,,,,Uma pessoa parda,,Homem,,Não,Hétero,,Não,,Declaro ciência desta regra.,Sim,,Sim
508,1,Não participando,,,,Uma pessoa parda,,Homem,,Não,Hétero,,Não,,Declaro ciência desta regra.,Sim,,Sim
509,1,Não participando,,,,Uma pessoa negra,,Homem,,Não,Hétero,,Não,,Declaro ciência desta regra.,Sim,,Sim
510,1,Não participando,,,,Uma pessoa negra,,Homem,,Não,Hétero,,Não,,Declaro ciência desta regra.,Sim,,Sim
511,1,Não participando,,,,Uma pessoa amarela,,Homem,,Não,Bisexual,,Não,,Declaro ciência desta regra.,Não,Sim,Sim
512,1,Não participando,,,,Uma pessoa amarela,,Homem,,Não,Bisexual,,Não,,Declaro ciência desta regra.,Não,Sim,Sim
513,1,Não participando,,,,Uma pessoa amarela,,Homem,,Não,Bisexual,,Não,,Declaro ciência desta regra.,Não,Sim,Sim
514,1,Não participando,,,,Uma pessoa branca,,Homem,,Não,Hétero,,Não,,Declaro ciência desta regra.,Não,Sim,Sim
515,1,Não participando,,,,Uma pessoa branca,,Homem,,Não,Hétero,,Não,,Declaro ciência desta regra.,Não,Sim,Sim
516,1,Não participando,,,,Uma pessoa branca,,Homem,,Não,Hétero,,Não,,Declaro ciência desta regra.,Sim,,Sim
517,1,Não participando,,,,Uma pessoa branca,,Homem,,Não,Hétero,,Não,,Declaro ciência desta regra.,Sim,,Sim
518,1,Não participando,,,,Uma pessoa branca,,Homem,,Não,Hétero,,Não,,Declaro ciência desta regra.,Não,Sim,Sim
519,1,Não participando,,,,Uma pessoa parda,,Homem,,Não,Hétero,,Não,,Declaro ciência desta regra.,Sim,,Sim
520,1,Não participando,,,,Uma pessoa parda,,Homem,,Não,Hétero,,Não,,Declaro ciência desta regra.,Sim,,Sim
521,1,Não participando,,,,Uma pessoa branca,,Mulher,,Não,Hétero,,Não,,Declaro ciência desta regra.,Sim,,Sim
522,1,Não participando,,,,Uma pessoa branca,,Mulher,,Não,Hétero,,Não,,Declaro ciência desta regra.,Sim,,Sim
523,1,Não participando,,,,Uma pessoa branca,,Homem,,Não,Hétero,,Não,,Declaro ciência desta regra.,Sim,,Sim
524,1,Não participando,,,,Uma pessoa branca,,Homem,,Não,Hétero,,Não,,Declaro ciência desta regra.,Sim,,Sim
525,1,Não participando,,,,Uma pessoa negra,,Homem,,Não,Hétero,,Não,,Declaro ciência desta regra.,Sim,,Sim
526,1,Não participando,,,,Uma pessoa negra,,Homem,,Não,Hétero,,Não,,Declaro ciência desta regra.,Sim,,Sim
527,1,Não participando,,,,Uma pessoa branca,,Homem,,Não,Hétero,,Não,,Declaro ciência desta regra.,Sim,,Sim
528,1,Não participando,,,,Uma pessoa branca,,Homem,,Não,Hétero,,Não,,Declaro ciência desta regra.,Sim,,Sim
529,1,Não participando,,,,Uma pessoa branca,,Homem,,Não,Hétero,,Não,,Declaro ciência desta regra.,Sim,,Sim
530,1,Não participando,,,,Uma pessoa branca,,Homem,,Não,Hétero,,Não,,Declaro ciência desta regra.,Sim,,Sim
531,1,Não participando,,,,Uma pessoa branca,,Homem,,Não,Hétero,,Não,,Declaro ciência desta regra.,Sim,,Sim
532,1,Não participando,,,,Uma pessoa branca,,Homem,,Não,Hétero,,Não,,Declaro ciência desta regra.,Sim,,Sim
533,1,Não participando,,,,Uma pessoa parda,,Homem,,Não,Hétero,,Não,,Declaro ciência desta regra.,Sim,,Sim
534,1,Não participando,,,,Uma pessoa parda,,Homem,,Não,Hétero,,Não,,Declaro ciência desta regra.,Sim,,Sim
535,1,Não participando,,,,Uma pessoa branca,,Homem,,Não,Hétero,,Não,,Declaro ciência desta regra.,Sim,,Sim
536,1,Não participando,,,,Uma pessoa branca,,Homem,,Não,Hétero,,Não,,Declaro ciência desta regra.,Sim,,Sim
537,1,Não participando,,,,Uma pessoa branca,,Homem,,Não,Hétero,,Não,,Declaro ciência desta regra.,Sim,,Sim
538,1,Não participando,,,,Uma pessoa branca,,Homem,,Não,Hétero,,Não,,Declaro ciência desta regra.,Sim,,Sim
539,1,Não participando,,,,Uma pessoa branca,,Homem,,Não,Hétero,,Não,,Declaro ciência desta regra.,Sim,,Sim
540,1,Não participando,,,,Uma pessoa branca,,Homem,,Não,Hétero,,Não,,Declaro ciência desta regra.,Sim,,Sim
541,1,Não participando,,,,Uma pessoa branca,,Homem,,Não,Hétero,,Não,,Declaro ciência desta regra.,Sim,,Sim
542,1,Não participando,,,,Uma pessoa branca,,Homem,,Não,Hétero,,Não,,Declaro ciência desta regra.,Sim,,Sim
543,1,Participando,,,,Uma pessoa parda,,Homem,,Não,Hétero,,Não,,Declaro ciência desta regra.,Sim,,Sim
544,1,Participando,,,,Uma pessoa parda,,Homem,,Não,Hétero,,Não,,Declaro ciência desta regra.,Sim,,Sim
545,1,Participando,,,,Uma pessoa parda,,Mulher,,Não,Hétero,,Não,,Declaro ciência desta regra.,Sim,,Sim
546,1,Participando,,,,Uma pessoa parda,,Mulher,,Não,Hétero,,Não,,Declaro ciência desta regra.,Sim,,Sim
547,1,Não participando,,,,Uma pessoa parda,,Mulher,,Não,Hétero,,Não,,Declaro ciência desta regra.,Sim,,Sim
548,1,Participando,,,,Uma pessoa branca,,Homem,,Não,Hétero,,Não,,Declaro ciência desta regra.,Não,Sim,Sim
549,1,Participando,,,,Uma pessoa parda,,Homem,,Não,Hétero,,Não,,Declaro ciência desta regra.,Sim,,Sim
550,1,Participando,,,,Uma pessoa negra,,Homem,,Não,Hétero,,Não,,Declaro ciência desta regra.,Sim,,Sim
551,1,Participando,,,,Uma pessoa branca,,Homem,,Não,Hétero,,Não,,Declaro ciência desta regra.,Sim,,Sim
552,1,Participando,,,,Uma pessoa parda,,Homem,,Não,Hétero,,Não,,Declaro ciência desta regra.,Sim,,Sim
553,1,Participando,,,,Uma pessoa negra,,Mulher,,Não,Hétero,,Não,,Declaro ciência desta regra.,Sim,,Sim
554,1,Participando,,,,Uma pessoa negra,,Homem,,Não,Hétero,,Não,,Declaro ciência desta regra.,Sim,,Sim
555,1,Não participando,,,,Uma pessoa branca,,Homem,,Não,Hétero,,Não,,Declaro ciência desta regra.,Sim,,Sim
556,1,Não participando,,,,Uma pessoa branca,,Homem,,Não,Hétero,,Não,,Declaro ciência desta regra.,Sim,,Sim
557,1,Participando,,,,Uma pessoa parda,,Homem,,Não,Hétero,,Não,,Declaro ciência desta regra.,Sim,,Sim
558,1,Participando,,,,Uma pessoa branca,,Homem,,Não,Hétero,,Não,,Declaro ciência desta regra.,Sim,,Sim
559,1,Participando,,,,Uma pessoa negra,,Mulher,,Não,Bisexual,,Não,,Declaro ciência desta regra.,Sim,,Sim
560,1,Participando,,,,Uma pessoa parda,,Homem,,Não,Hétero,,Não,,Declaro ciência desta regra.,Sim,,Sim
561,1,Participando,,,,Uma pessoa amarela,,Homem,,Não,Hétero,,Não,,Declaro ciência desta regra.,Sim,,Sim
562,1,Participando,,,,Uma pessoa branca,,Homem,,Não,Hétero,,Não,,Declaro ciência desta regra.,Sim,,Sim
563,1,Participando,,,,Uma pessoa branca,,Homem,,Não,Hétero,,Não,,Declaro ciência desta regra.,Sim,,Sim
564,1,Não participando,,,,Uma pessoa parda,,Mulher,,Não,Hétero,,Não,,Declaro ciência desta regra.,Sim,,Sim
565,1,Não participando,,,,Uma pessoa branca,,Mulher,,Não,Hétero,,Não,,Declaro ciência desta regra.,Sim,,Sim
566,1,Não participando,,,,Uma pessoa branca,,Mulher,,Não,Hétero,,Não,,Declaro ciência desta regra.,Sim,,Sim
567,1,Não participando,,,,Uma pessoa branca,,Mulher,,Não,Hétero,,Não,,Declaro ciência desta regra.,Sim,,Sim
568,1,Participando,,,,Uma pessoa branca,,Homem,,Não,Hétero,,Não,,Declaro ciência desta regra.,Sim,,Sim
569,1,Participando,,,,Uma pessoa branca,,Homem,,Não,Hétero,,Não,,Declaro ciência desta regra.,Sim,,Sim
570,1,Participando,,,,Uma pessoa branca,,Homem,,Não,Hétero,,Não,,Declaro ciência desta regra.,Sim,,Sim
571,1,Participando,,,,Uma pessoa branca,,Homem,,Não,Hétero,,Não,,Declaro ciência desta regra.,Sim,,Sim
572,1,Participando,,,,Uma pessoa branca,,Homem,,Não,Hétero,,Não,,Declaro ciência desta regra.,Sim,,Sim
573,1,Participando,,,,Uma pessoa parda,,Homem,,Não,Hétero,,Não,,Declaro ciência desta regra.,Sim,,Sim
574,1,Participando,,,,Uma pessoa negra,,Homem,,Não,Hétero,,Não,,Declaro ciência desta regra.,Sim,,Sim
575,1,Participando,,,,Uma pessoa branca,,Mulher,,Não,Hétero,,Não,,Declaro ciência desta regra.,Sim,,Sim
576,1,Participando,,,,Uma pessoa branca,,Homem,,Não,Hétero,,Não,,Declaro ciência desta regra.,Sim,,Sim
577,1,Participando,,,,Uma pessoa branca,,Homem,,Prefiro não responder,Prefiro não responder,,Não,,Declaro ciência desta regra.,Sim,,Sim
578,1,Participando,,,,Uma pessoa negra,,Mulher,,Prefiro não responder,Hétero,,Não,,Declaro ciência desta regra.,Sim,,Sim
579,1,Participando,,,,Uma pessoa branca,,Mulher,,Não,Hétero,,Não,,Declaro ciência desta regra.,Sim,,Sim
580,1,Participando,,,,Uma pessoa amarela,,Mulher,,Não,Pansexual,,Não,,Declaro ciência desta regra.,Sim,,Sim
581,1,Não participando,,,,Uma pessoa parda,,Homem,,Não,Hétero,,Não,,Declaro ciência desta regra.,Sim,,Sim
582,1,Não participando,,,,Uma pessoa parda,,Homem,,Não,Hétero,,Não,,Declaro ciência desta regra.,Sim,,Sim
583,1,Não participando,,,,Uma pessoa parda,,Homem,,Não,Hétero,,Não,,Declaro ciência desta regra.,Sim,,Sim
584,1,Não participando,,,,Uma pessoa amarela,,Mulher,,Não,Pansexual,,Não,,Declaro ciência desta regra.,Sim,,Sim
585,1,Participando,,,,Uma pessoa branca,,Homem,,Não,Hétero,,Não,,Declaro ciência desta regra.,Sim,,Sim
586,1,Participando,,,,Uma pessoa parda,,Mulher,,Não,Hétero,,Não,,Declaro ciência desta regra.,Sim,,Sim
